 source airport, destination apirport
GKA,GKA
MAG,MAG
HGU,HGU
POM,LAE
WWK,WWK
UAK,UAK
GOH,GOH
SFJ,SFJ
THU,THU
AEY,AEY
EGS,EGS
IFJ,IFJ
KEF,KEF
YAM,RKV
YAY,YAM
YBC,YAY
YBG,YBC
YBK,YBG
YBL,YBK
YBR,YBL
YCB,YBR
YCD,YCB
YCG,YCD
YCL,YCG
YCO,YCL
YCY,YCO
YZS,YCY
YDF,YDF
YEG,YDQ
YEK,YEG
YEV,YEK
YFB,YEV
YFC,YFB
YFO,YFC
YFS,YFO
YGP,YFS
YGR,YGL
YHD,YGP
YHI,YGR
YHK,YHD
YHM,YHK
YHY,YHM
YHZ,YHU
YIO,YHZ
YLL,YJT
YLW,YKA
YMM,YLW
YNA,YMM
YPL,YOW
YQF,YQB
YQQ,YQG
YQR,YQM
YQT,YQR
YQX,YQT
YSB,YRT
YTE,YSB
YTS,YSM
YTZ,YTE
YUB,YTS
YUT,YUL
YVP,YUT
YVQ,YVM
YVR,YVO
YWG,YVR
YWK,YWG
YWL,YWK
YXH,YXE
YXP,YXL
YXT,YXP
YXU,YXS
YXY,YXT
YYB,YXU
YYD,YYC
YYH,YYD
YYJ,YYE
YYQ,YYJ
YYT,YYR
YYU,YYT
YYZ,YYU
YZF,YYZ
YZP,YZF
ZFM,YZV
ALG,BJA
DJG,ALG
MZW,TMR
CZL,AAE
TEE,CZL
CFK,TEE
TLM,HRM
ORN,TLM
MUW,ORN
BSK,AZR
ELG,BSK
HME,GHA
INZ,HME
OGX,INZ
IAM,OGX
OUA,COO
BOY,OUA
TML,ACC
NYI,TML
ABJ,TKD
ABV,ABJ
BNI,ABV
ENU,BNI
IBA,CBQ
ILR,ENU
KAN,IBA
LOS,KAN
PHC,LOS
SKO,PHC
MIR,NIM
TUN,MIR
GAF,TUN
SFA,DJE
TOE,SFA
ANR,LFW
CRL,BRU
LGG,CRL
OST,LGG
DRS,SXF
ERF,DRS
FRA,ERF
FMO,FMO
HAM,HAM
CGN,CGN
DUS,DUS
MUC,MUC
NUE,NUE
LEJ,LEJ
SCN,STR
TXL,TXL
HAJ,HAJ
BRE,BRE
HHN,HHN
MHG,PAD
PAD,DTM
AGB,FDH
FDH,ZQW
ZQW,GWT
KSF,TLL
TAY,HEL
IVL,KOK
JOE,KAO
JYV,KTT
KEM,LPP
KOK,MHQ
KAO,OUL
LPP,POR
MHQ,RVN
OUL,TMP
TKU,VAA
VAA,BFS
BHD,BHD
LDY,BHX
GLO,MAN
NQY,CWL
BRS,BRS
LPL,LPL
LTN,LTN
BOH,SOU
ACI,JER
LGW,LGW
LCY,LCY
LHR,LHR
SEN,HUY
BLK,LBA
CEG,NCL
MME,EMA
KOI,ABZ
INV,GLA
EDI,EDI
ILY,NWI
BEB,STN
EXT,AMS
MST,EIN
GRQ,ORK
ORK,DUB
NOC,SNN
KIR,AAR
SNN,BLL
CPH,CPH
EBJ,LUX
AES,BOO
ANX,BGO
BJF,OSL
HAU,OLA
HAA,RYG
LKL,LYR
RRS,SKE
RYG,SRP
LYR,TRF
TRF,TRD
SVG,SVG
GDN,GDN
KRK,KRK
KTW,POZ
POZ,WAW
WRO,GOT
JKG,NYO
THN,MMX
KID,KRF
KLR,LYC
HAD,UME
VXO,VHM
EVG,VST
KRF,LLA
LYC,ARN
BMA,RLG
BLE,CPT
CPT,DUR
DUR,JNB
KIM,GBE
MGH,BZV
MUB,PNR
PNR,MRU
MRU,DLA
MVR,NLA
LUN,HAH
MFU,RUN
HAH,ZSE
DZA,TNR
ZSE,DIE
TNR,ANM
SMS,SVP
TMM,LAD
LAD,MEG
MEG,BEW
VHC,INH
SZA,VXC
SDD,MPM
TMS,POL
BEW,UEL
INH,TET
VXC,VNX
APL,NDJ
POL,BUQ
UEL,VFA
TET,HRE
BUQ,BLZ
VFA,LLW
BLZ,FIH
MSU,BKY
FIH,GOM
MDK,BKO
KGA,BJL
BJL,FUE
VDE,LPA
ACE,ACE
TFS,TFS
TFN,FNA
MLN,ROB
MLW,AGA
AGA,FEZ
TTA,RBA
OUD,CMN
RAK,RAK
OZZ,DKR
NKC,BVC
NDB,VXE
BVC,ADD
AMH,HGA
GMB,BBO
MQX,CAI
HRG,HRG
LXR,MBA
ASW,WIL
MBA,WJR
WIL,BEN
GHT,TIP
LTD,KGL
KME,KRT
ARK,JRO
JRO,ZNZ
MYW,EBB
EBB,TIA
TIA,BOJ
BOJ,SOF
VAR,LCA
PFO,PFO
DBV,DBV
OSI,SPU
ZAG,ZAG
ZAD,ALC
LEI,OVD
OVD,BIO
BCN,BCN
BJZ,GRO
GRX,IBZ
XRY,MJV
MJV,MAD
AGP,AGP
MAH,MAH
PNA,SCQ
VLC,VLC
VLL,SDR
VGO,ZAZ
SDR,SVQ
AGF,BOD
EGC,TLS
PUF,BIQ
LDE,RDZ
ANG,DLE
PGX,ETZ
BIQ,BIA
CLY,FSC
FSC,AJA
CFE,LYS
AUR,MRS
NCE,NCE
PGF,BZR
MPL,AVN
BZR,BVA
LEH,CDG
ORY,ORY
LIL,LIL
BES,RNS
DNR,NTE
BSL,BSL
DIJ,FNI
TLN,HER
KSO,KGS
AOK,CFU
KSJ,JMK
KVA,MJT
LXS,PVK
MJT,RHO
GPA,CHQ
JSI,JTR
JTR,SKG
ZTH,BUD
DEB,BRI
PSR,BDS
BDS,SUF
CTA,CTA
LMP,PMO
REG,TPS
AHO,AHO
CAG,CAG
OLB,OLB
MXP,MXP
BGY,BGY
TRN,TRN
GOA,LIN
PMF,BLQ
TSF,TSF
TRS,VRN
VCE,VCE
CIA,CIA
FCO,FCO
EBA,NAP
PSA,PSA
FLR,FLR
PEG,LJU
KLV,PRG
BRQ,TLV
ETH,MLA
GRZ,INN
INN,SZG
VIE,VIE
SMA,FAO
GRW,PDL
PIX,OPO
PXO,LIS
SJZ,SJJ
ARW,CLJ
CRA,IAS
OMR,OTP
SBZ,TGM
SUJ,TSR
GVA,GVA
LUG,ZRH
ACH,ESB
ADA,ADA
AYT,AYT
GZT,MZH
KYA,ASR
MLX,DNZ
ASR,ADB
KCO,DLM
EZS,DIY
DIY,ERC
ERC,TZX
VAN,KIV
SKP,SKP
GIB,BEG
TGD,TGD
PRN,PRN
TIV,TIV
BTS,BTS
KSC,PLS
XSC,LRM
LRM,PUJ
POP,SDQ
STI,GUA
LCE,SAP
GJA,RTB
TGU,TGU
KIN,KIN
MBJ,MBJ
ACA,AGU
AGU,CUL
CUL,CTM
CTM,CJS
CPE,CUU
CVM,CZM
DGO,GDL
HMO,HMO
CLQ,BJX
BJX,LAP
LAP,MID
MAM,MXL
MXL,MEX
MTY,MTY
MZT,OAX
NLD,PBC
PAZ,PVR
PXM,SJD
SLP,TGZ
TRC,TIJ
TAM,TAP
TLC,CUN
VSA,VER
VER,ZIH
ZCL,MGA
ZLO,BOC
MGA,PAC
BOC,PTY
GLF,NOB
LIR,SJO
PMZ,SAL
CAP,CCC
CCC,HAV
HOG,CYB
SNU,GCM
CYB,MHH
MHH,ELH
AXP,FPO
ELH,SML
GHB,NAS
RCY,BZE
ZSA,AIT
BZE,RAR
AIT,NAN
SUV,FAV
TBU,TKX
TRW,NHV
WLS,BOB
APW,RGI
RUR,HUH
TIH,MOZ
FAV,HOI
XMH,MAU
GMR,RFP
AXR,VLI
HOI,KOC
MAU,LIF
RFP,GEA
KNQ,AKL
TUO,CHC
DUD,KKE
GIS,NPL
HKK,NSN
KKE,PMR
NSN,PPQ
IVC,ZQN
ZQN,ROT
ROT,BHE
TRG,WLG
WRE,HEA
WSZ,KBL
KDH,BAH
AHB,AHB
HOF,DMM
GIZ,ELQ
URY,JED
MED,MED
AQI,EAM
RAH,AQI
RUH,RAH
RAE,RUH
TUU,RAE
TIF,TUU
TUI,TIF
ABD,YNB
DEF,ABD
AWZ,DEF
BUZ,AWZ
KIH,BUZ
BDH,KIH
SDG,KSH
RAS,IFN
THR,RAS
BND,THR
KER,BND
RZR,KER
SYZ,XBJ
KHY,SYZ
AZD,TBZ
ACZ,AZD
ZAH,ZBR
AMM,ZAH
AQJ,AMM
BEY,KWI
AUH,BEY
AZI,AZI
DXB,DXB
FJR,SHJ
KHS,MCT
SLL,SLL
LYP,LYP
GWD,GWD
GIL,KHI
LHE,LHE
MJD,MJD
MUX,MUX
PJG,PEW
UET,UET
RYK,RYK
SKZ,SKZ
PZH,BSR
ROP,SPN
GUM,GUM
MAJ,MAJ
KWA,KWA
CXI,CXI
TKK,PNI
ROR,ROR
KSA,YAP
YAP,KNH
TTT,KHH
RMQ,RMQ
TNN,MZG
TSA,TSA
TPE,TPE
HUN,NRT
MMJ,IBR
SHM,OBO
CTS,CTS
HKD,HKD
MMB,MMB
SHB,WKJ
WKJ,IKI
IKI,UBJ
TSJ,TSJ
MBE,AKJ
FUJ,FUJ
FUK,FUK
KOJ,KOJ
KMI,KMI
OIT,OIT
KKJ,KKJ
KMJ,KMJ
NGS,NGS
ASJ,KMQ
TOY,TOY
HIJ,HIJ
OKJ,OKJ
IZO,YGJ
KCZ,KCZ
MYJ,MYJ
ITM,ITM
TTJ,TKS
TKS,TAK
AOJ,AOJ
GAJ,GAJ
HNA,HNA
AXT,AXT
MSJ,SDJ
HAC,HND
KWJ,KWJ
RSU,RSU
CJU,CJU
PUS,PUS
USN,USN
GMP,GMP
KPO,KPO
TAE,TAE
OKA,OKA
ISG,ISG
UEO,UEO
MMY,MMY
MNL,MNL
CBO,CBO
PAG,PAG
GES,GES
ZAM,ZAM
SJI,SJI
TAC,TAC
BCD,BCD
DGT,DGT
MPH,MPH
ILO,ILO
KLO,KLO
PPS,PPS
PRA,PRA
ROS,ROS
SFN,SFN
AEP,AEP
COR,COR
MDZ,MDZ
AFA,AFA
CTC,SDE
SDE,IRJ
IRJ,TUC
UAQ,UAQ
LUQ,LUQ
RES,RES
FMA,FMA
IGR,IGR
PSS,PSS
SLA,SLA
JUJ,JUJ
CRD,CRD
REL,EQS
VDM,REL
PMY,VDM
RGA,PMY
RGL,RGA
USH,USH
MDQ,BHI
NQN,MDQ
RSA,NQN
CPC,BRC
AQA,CPC
AJU,CDJ
AFL,AJU
BEL,ARU
PLU,PLU
BSB,BSB
BVB,BVB
CAC,CAC
CNF,CNF
CGR,CGR
XAP,XAP
CCM,CCM
CAW,CAW
CMG,CWB
CXJ,CXJ
CGB,CGB
CZS,PPB
MAO,MAO
IGU,IGU
FLN,FLN
FEN,FEN
FOR,FOR
GIG,GIG
GYN,GYN
GRU,GRU
ATM,ATM
ITB,IOS
IPN,IMP
JPA,JPA
JOI,JOI
CPV,VCP
LDB,LDB
LAZ,MAB
MEU,MGF
MOC,MCZ
MCP,NVT
GEL,NAT
POA,POA
PHB,PFB
PET,PNZ
PVH,PVH
RBR,RBR
REC,REC
SDU,SDU
RAO,RAO
SJK,SLZ
CGH,CGH
SJP,SJP
SSA,SSA
TMT,THE
TFF,TFF
TBT,URG
TUR,UDI
UBA,BVH
BVH,VIX
ARI,BBA
BBA,CJC
PUQ,PUQ
IQQ,IQQ
SCL,SCL
ANF,ANF
CCP,CCP
IPC,LSC
PMC,PMC
ZAL,CUE
CUE,GYE
LTX,UIO
ETR,ASU
AXM,PUU
BGA,BGA
BOG,BOG
BAQ,BAQ
BSC,BSC
BUN,BUN
CUC,CUC
CTG,CTG
CLO,CLO
TCO,EJA
CZU,FLA
EJA,GPI
GPI,IBE
IBE,IPI
IPI,APO
LET,LET
EOH,EOH
MTR,MVP
MVP,MZL
MZL,PCR
PCR,PEI
PPN,PSO
PSO,PVA
PVA,MDE
RCH,SMR
ADZ,ADZ
SVI,TME
TME,AUC
AUC,UIB
VUP,VVC
CBB,CBB
CIJ,CIJ
ORU,ORU
POI,SRE
TJA,TJA
TDD,TDD
VVI,VVI
BYC,BYC
PBM,PBM
CAY,CAY
PCL,PCL
CIX,AYP
AYP,ANS
ANS,LIM
JAU,JUL
TBP,IQT
AQP,AQP
TRU,TPP
TCQ,PEM
PEM,PIU
PIU,CUZ
MVD,MVD
BLA,BLA
BNS,BRM
CAJ,LSP
LFR,MAR
MRD,PMV
CCS,CCS
MUN,MUN
PYH,PZO
SVZ,STD
SOM,VLN
VLV,ANU
BGI,BGI
DOM,DOM
FDF,FDF
SFG,SFG
PTP,PTP
GND,GND
STT,STT
STX,STX
BQN,MAZ
MAZ,SJU
SKB,SKB
SLU,SLU
UVF,UVF
AUA,AUA
BON,BON
CUR,CUR
EUX,SXM
AXA,TAB
TAB,POS
EIS,EIS
SVD,ALA
TSE,TSE
DMB,FRU
OSS,OSS
CIT,CIT
URA,PLX
PWQ,AKX
AKX,GYD
YKS,YKS
MJZ,MJZ
BQS,KHV
GDX,PKC
PWE,UUS
VVO,VVO
HTA,HTA
BTK,IKT
UUD,UUD
KBP,KBP
DOK,DOK
DNK,DNK
SIP,IEV
LWO,LWO
ODS,ODS
LED,LED
MMK,KGD
MSQ,MSQ
ABA,KEJ
BAX,OMS
KRR,KRR
MCX,MRV
STW,ROV
AER,AER
ASF,VOG
VOG,CEK
MQF,NJC
PEE,SGC
SVX,SVX
ASB,ASB
DYU,DYU
BHK,BHK
SKD,SKD
TAS,TAS
SVO,SVO
VOZ,VKO
SCW,KZN
REN,UFA
KUF,KUF
AMD,AMD
IXU,BOM
BHJ,BHO
BHO,GOI
IDR,IDR
JLR,NAG
PNQ,PNQ
PBD,RPR
STV,CMB
BTC,PNH
REP,REP
IXA,AJL
AJL,IXB
BBI,CCU
IMF,IXS
IXS,DIB
DIB,PAT
IXR,IXR
VTZ,VTZ
CXB,CGP
JSR,ZYL
RJH,DAC
HKG,HKG
AGR,ATQ
ATQ,VNS
KUU,IXC
IXC,KNU
KNU,DEL
GWL,JAI
IXJ,IXJ
LUH,LKO
SXR,SXR
LPQ,LPQ
PKZ,VTE
MFM,MFM
BWA,KTM
PKR,BLR
VGA,CJB
COK,COK
CCJ,CCJ
IXM,IXE
MAA,MAA
IXZ,RJA
RJA,TRZ
TIR,TRV
PBH,MLE
DMK,DMK
UTP,KBV
USM,USM
HKT,HKT
UNN,DAD
HAN,HAN
HUI,SGN
NYU,MDL
KYP,MGZ
MGZ,RGN
UPG,UPG
BIK,DJJ
DJJ,WMX
WMX,MDC
PSJ,AMQ
LUW,FKQ
AMQ,KNG
FKQ,SOQ
BXB,BTU
SOQ,KCH
LMN,MYY
SBW,BKI
LBU,BWN
PKU,CGK
PDG,BKS
KTG,PLM
BKS,BTJ
PLM,AOR
BTJ,KBR
AOR,KUA
KBR,IPH
KUA,JHB
KTE,KUL
LGK,TGG
TGG,PEN
DIL,SIN
ABM,BNE
OOL,OOL
CNS,CNS
CTL,MKY
ISA,PPP
MCY,TSV
PPP,AVV
ROK,ABX
TSV,HBA
WEI,MEL
ADL,ADL
KTA,PER
XCH,SYD
TMW,PEK
HLD,TSN
TYN,TYN
CAN,CAN
CSX,CSX
KWL,KWL
NNG,NNG
SZX,SZX
CGO,CGO
WUH,WUH
FNJ,LHW
XIY,XIY
ULN,KMG
XMN,XMN
KHN,KHN
FOC,FOC
HGH,HGH
NGB,NGB
NKG,NKG
HFE,HFE
TAO,TAO
SHA,SHA
YNT,YNT
CKG,CKG
KWE,KWE
CTU,CTU
XIC,URC
HRB,HRB
MDG,DLC
PVG,PVG
SZB,HBE
NTQ,PIZ
BTI,TTN
BTT,BOS
OAK,OAK
OMA,OGG
OGG,ICT
ICT,MCI
MSN,PHX
BGR,SFO
GNV,MEM
LAX,LAX
CLE,CLE
CVG,CVG
HON,EWR
BOI,DAL
MOT,HLN
DAL,LCH
HLN,MYR
MYR,DCA
ACY,FLL
INL,SLC
MDT,IAH
BFL,PNS
HRL,HOU
PIT,PIT
BRW,MIA
SEA,SEA
CHA,IND
HPN,LIH
JBR,RIC
LIH,CDV
HVR,ORF
SHV,SAV
CDV,OME
BPT,PIE
OME,SAT
ROC,RDU
DAY,TUS
ENA,PVD
TUS,BUR
PVD,DTW
TPA,TPA
HIB,TBN
MAF,DFW
MLB,AUS
LCK,STL
SPS,ATL
GRR,BNA
LRD,LGA
TLH,JAX
ACT,DRO
MKL,IAD
CLL,PDX
PBI,HNL
DSM,SAN
MLU,MDW
SJC,DEN
PHL,PHL
SUX,TXK
MCN,PBG
GAL,GRK
TXK,BLI
ANC,MOB
GRK,RSW
SAF,AKN
BLV,JFK
CYS,KTN
RNO,BHM
KTN,SMF
MOD,BUF
COS,BDL
CDC,ORD
FAI,BTR
ART,BWI
LNY,MSP
ILG,MSY
PWM,ALB
OKC,VDZ
ALB,SNA
VDZ,EYW
CPR,CLT
LAS,LAS
MCO,MCO
FLO,BKK
NAH,SRG
JOG,BTH
SRG,BDJ
BTH,PKN
TJQ,BPN
PKY,TRK
KOE,WGP
LBJ,SUB
SOC,ICN
CNX,NST
CEI,DPS
ATH,ATH
NGO,NGO
UKB,DAB
PUW,RIX
KUN,VNO
EVN,ASM
LWN,TBS
BUS,RIY
TBS,TAI
RIY,SAH
AXK,FMM
SCT,EZE
EBL,KIX
TAG,PMI
DRW,URT
URT,FSD
GSO,MHT
FSD,SDF
APF,CHO
CHO,LEX
ROA,ABQ
ABQ,BZN
BZN,DME
SYX,SYX
LJG,LJG
GSP,GPT
BMI,FWA
GPT,CID
AZO,LSE
TOL,CWA
FWA,PIA
DEC,ATW
LSE,HVB
CWA,DLU
PIA,MZV
ATW,SSH
MZV,FKL
SSH,NBO
FTE,MLI
SGU,HIR
MLI,PPT
PPT,OVB
XKH,FNC
STM,RDD
KOS,IDA
LXA,MFR
RDD,WDH
IDA,TNA
CZX,TJM
YBP,CAK
TJM,HSV
CAK,TRI
HSV,JIB
PKB,HAK
PGA,SDK
FCA,SHE
DOY,NSI
DLI,FKB
CKY,SFB
SFB,DHI
JST,NRN
JNX,USU
PAS,BXU
RMF,DPL
NRN,LGP
USU,CEB
CEB,BPS
BPS,SAB
PMW,FLG
CLV,STC
MSO,GTR
BKQ,GOJ
YPC,ERI
SRZ,HYA
SAB,SPR
LAW,CRW
ERI,FAR
MGW,TOF
AVP,JZH
FAR,SWA
SWA,GEO
GEO,BJV
LYB,SAW
SCE,HFT
BME,MEH
NTL,IKA
MHD,MHD
MEI,BVG
HDN,NSK
SGF,AAQ
NVK,ABE
NSK,XNA
XNA,KZO
GUW,RTW
KZO,NUX
ARH,SCO
NOJ,KGP
SCO,KJA
KGF,CGQ
KIJ,IRA
ACV,VAO
OAJ,KGE
DBQ,CMU
ATD,DAU
IRA,GUR
GZO,PNP
RNL,HKN
KGE,UNG
BUA,KVG
CMU,MDU
DAU,MAS
PNP,TIZ
HKN,TBG
UNG,RAB
MDU,VAI
MXH,CNP
MIS,JJU
RAB,JNN
VAI,JUV
JFR,JQA
JJU,YAA
JSU,YAX
JNN,WNN
JNS,XBE
NAQ,KIF
JHS,YHP
JUV,YKU
JQA,YAG
YRG,XKS
YLE,YKG
WNN,YAT
YNO,YBX
XBE,YCS
YOG,YDP
YKU,YER
ZTB,YFH
YAC,YMN
XKS,YGT
YAT,YGW
YDP,CXH
YER,YHO
YFA,YHR
YMN,YIK
YGT,YKQ
YGW,YPJ
YGX,YMT
YQC,YUD
YNS,YNC
YHO,YPH
YHR,YPM
YIK,YQD
YPJ,YRL
XGR,YSK
YUD,YTL
YNC,YVZ
YPH,YWP
YPM,YXN
YPO,YZG
YQD,ZBF
YRA,ZKE
YRL,MSA
YSK,ZRJ
YTL,ZSJ
YVZ,ZUM
YWP,BLJ
YZG,KMS
ZKE,HDF
ZMT,DSA
ZUM,EOI
BLJ,NRL
CBH,PPW
BMW,SOY
KMS,NDY
HDF,WRY
DSA,CFN
CAL,MQN
PPW,RET
SOY,SDN
NDY,SOG
LEQ,SVJ
BRR,SOJ
LKN,VAW
OSY,BZG
MQN,OSD
RVK,HFS
RET,TYF
SDN,AGH
SVJ,MQP
SOJ,CIP
VAW,CBT
BZG,VPE
HFS,LUD
KSD,OMD
TYF,ERS
AGH,TSH
HMV,OXB
CBT,VIL
MSZ,EUN
LUD,NDR
ESU,RAI
RAI,MGQ
SFL,ATZ
MGQ,MYD
GLK,TOB
ASV,PZU
NYK,DIU
SRX,ABY
TOB,AHN
LAQ,APN
UYL,ATY
PZU,BFD
BKZ,BQK
DIU,BRL
ABR,CEC
AHN,CKB
ALO,CLM
ALW,DDC
BFD,EAU
BFF,EWB
BQK,FAY
CGI,GGW
CIU,GRI
CLM,HOT
DDC,HTS
DUJ,LAR
EAU,LBE
EWB,LBF
FAY,LMT
GGW,OTH
GRI,OWB
HOT,PIR
LAR,PLN
LBE,PSM
LBF,RKS
LMT,RUT
LNS,SBP
MKG,SHR
MSL,SLK
OTH,SLN
OWB,SMX
PIB,TUP
PIH,UIN
PIR,VCT
PLN,ECN
SLN,RJL
SMX,JSY
TUP,CVU
UIN,BNX
WRL,KSY
YKM,KCM
ECN,AJI
RJL,AZS
CVU,JBQ
KSY,JAL
KCM,TTQ
AJI,PJM
ADF,SYQ
ISE,ATC
GDT,TBI
SLX,CRI
AZS,AIU
JBQ,KDV
PEU,LBS
JAL,TVU
TTQ,RTA
PJM,SVU
SYQ,FUT
ATC,AHE
TBI,AUQ
AIU,UAP
MUK,UAH
KDV,MTV
LBS,SLH
RTA,TOH
SVU,EAE
VBV,CCV
FUT,LOD
AUQ,PBJ
UAP,LNB
UAH,LNE
MTV,NUS
TOH,ZGU
EAE,SON
LNB,ULB
MWF,VLS
LNE,SWJ
NUS,AWD
ZGU,FTA
SON,IPA
TGH,BJB
ULB,AFZ
VLS,SRY
DLY,LRR
TGJ,ADU
BMY,OMH
AJF,AAN
WAE,BHV
NSH,CJL
SRY,DBA
LRR,KDU
ADU,ISU
CJL,GXF
DBA,ADK
DEA,GST
KDU,SGY
ISU,HNS
GXF,MCG
ADK,ANI
KLG,WRG
MCG,KUH
MOU,NKM
VAK,WJU
WRG,HIN
HSG,CJJ
IWJ,SUG
FKS,WNP
ONJ,TUG
WJU,CYP
YNY,CRM
CJJ,RXS
CGM,MEA
WNP,VDC
VRC,RIA
MBT,SCY
JDO,LOH
LEC,LPD
MEA,NQU
MII,EYP
VDC,GYA
RIA,SRA
SCY,JPR
LOH,NEV
NQU,VIJ
EYP,KOV
GYA,PPK
CJA,DZN
HUU,UKK
NEV,KSN
VIJ,NAJ
KOV,NER
PPK,PYJ
KSN,DYR
KVD,HRK
PYJ,IFO
CKH,CEE
DYR,KYZ
OZH,NOZ
HRK,OGZ
IFO,PSC
UDJ,LPS
CSH,SLY
PES,HMA
PSC,NYA
KQA,OVS
LPS,IJK
HMA,NYM
NYA,LBD
AZN,UGC
NMA,KSQ
NCU,EGO
UGC,URS
KSQ,CSY
TMJ,SKX
EGO,HBX
URS,GAU
DMU,HPH
BZL,CXR
HAQ,VCS
KDO,VCA
MAQ,DIN
BMV,UIH
HPH,VII
VCS,TMC
VCA,BEJ
DIN,LUV
PXU,ODN
VII,MKM
TVY,KUD
KAW,TKG
LUV,ALH
LGL,AUU
ODN,BCI
MKM,BVI
BKM,BHQ
BBN,HTI
NTX,BUC
ALH,BQL
AUU,BHS
BCI,CNJ
HTI,CMA
BEU,ELC
BUC,EPR
BQL,FLS
BHS,GET
CPD,GLT
CED,GTE
CUQ,GFF
DMD,HID
DPO,KNS
EPR,KWM
FLS,LDH
GLT,LSY
GTE,LRE
GFF,MIM
HID,MNG
KNS,MCV
KWM,MQL
IRG,MRZ
LSY,MOV
MIM,MYA
MGT,ONG
MCV,NRA
MQL,NTN
MRZ,PBO
MYA,GOV
NRA,PKE
NTN,PLO
ZNE,EDR
OLP,PQQ
CCK,ULP
PKE,SGO
PLO,XTG
EDR,WNR
PQQ,WIN
PTJ,NAY
CIF,CIH
CIH,DAT
DAT,HET
BAV,BAV
SJW,SJW
TGO,HLH
HLH,BHY
CGD,DYG
MXZ,ZUH
LZH,ZHA
ZHA,ENH
ENH,XFN
XFN,YIH
GOQ,XNN
ENY,LTI
UYN,MXV
LTI,LUM
HVD,SYM
DIG,ZAT
LUM,KOW
ZAT,JDZ
JDZ,JIU
JIU,LYG
LYG,HYN
HYN,LYI
JJN,JJN
TXN,TXN
WEF,WUX
WUS,WNZ
YNZ,YNZ
YIW,YIW
HSN,DAX
BPX,GYS
GYS,LZO
LZO,MIG
NAO,WXN
LZY,AKU
WXN,KCA
AKU,KRY
KCA,HEK
KRY,JMU
YIN,JNZ
HEK,NDG
JNZ,YNJ
YNJ,AQG
ORH,YCU
JGN,DSN
PZI,ERM
PVC,NVI
TBW,LRH
QSF,AZA
AKP,KSM
ATK,KVL
GAM,MYU
HPB,RBY
KAL,SHH
KSM,SVA
KVL,WTK
MYU,YPX
SHH,QOW
SVA,FON
WTK,TMU
YPX,KVK
YTQ,QBC
ARC,HGR
QOW,ACR
FON,GOP
TMU,SDP
CYZ,HMI
ACR,WUZ
GOP,GBT
WUZ,MQM
GBT,DRG
IIL,EGM
PFQ,DHM
MQM,KVC
DRG,LKH
LEN,CHG
EGM,UAS
DHM,YVB
PTH,SKT
YVB,PDP
SKT,WVB
PDP,VQS
MPA,YIF
MSR,HDM
NOP,TRO
VQS,COQ
YIF,YAK
HDM,IMT
GFN,AET
TRO,MTJ
COQ,PDT
ESC,UKX
YAK,RMT
CPX,TGK
MWA,GDZ
IMT,IAR
AET,OHE
MTJ,JNG
TGK,DRK
OHE,AAT
JNG,TZL
DRK,NZH
TZL,WUA
WUA,CYF
BRD,TEN
LWB,JGS
TEN,NBC
JGS,QRW
NBC,STS
QRW,MBL
IAO,PGD
JHW,ALS
SDY,CNY
CDR,VEL
AIA,SOW
GDV,MMH
ALS,FRD
CNY,UNK
ESD,SHX
UNK,NUI
SHX,KWT
CHU,KWK
NUI,MLL
EEK,RSH
KWT,CIK
KWK,HSL
MLL,NUL
RSH,VEE
CIK,CEM
HUS,SHG
NUL,TWB
VEE,ELV
WBQ,HNH
CEM,MTM
VIS,HYG
MCE,EGX
TWB,KPV
AGN,KYK
ELV,KLN
HNH,ABL
HYG,BKC
KPV,IAN
KLN,OBU
BKC,ORV
IAN,KTS
OBU,ELI
ORV,GLV
WLK,TLA
KTS,WAA
GLV,KKA
WAA,SMK
WMO,SKK
KKA,AKB
SMK,KPN
SKK,KLW
TNC,KWN
IKO,KOT
KFP,SCM
KLW,KKH
KWN,NIB
KOT,AIN
KYU,IRC
SCM,SLQ
KKH,LMA
NIB,YNP
AIN,YSO
IRC,YWB
LMA,YGV
YNP,YOP
YSO,UYU
YWB,RVE
YGV,CFB
YOP,OPS
SPB,GRP
UYU,CMP
RBQ,BVS
RVE,BRA
OPS,MQH
GRP,AUX
BRA,DOU
STZ,JCB
AUX,RVD
DOU,GNM
ROO,JIJ
GPB,MRE
RVD,NBE
HTY,FUO
RVV,NJF
NJF,FUG
FUG,LCX
LCX,HZH
BSD,HJJ
HZH,CKS
HJJ,PGU
LNJ,YES
CKS,OSM
PGU,TJU
OSM,RVT
ULZ,PVU
RVT,NNB
PVU,NDU
LAM,ECP
MMU,ONQ
ECP,TCZ
MYQ,YUS
TCZ,HIA
NGQ,DWC
AEB,ZGS
NME,ZKG
OOK,YAB
OBY,HMB
ZKG,POJ
YZZ,JTC
HMB,OIA
POJ,ORX
OIA,GZP
CFC,HHH
IRZ,THX
GZP,TGP
HHH,LOP
HDG,WMI
JXA,UMD
EYK,RLK
RLK,GBB
UTS,JIQ
LLK,NBS
NBS,LLF
LUZ,YTY
GKK,HRI
RHD,XSB
VUS,JGD
XSB,BFJ
JGD,ULK
ULK,GNY
IGD,YIC
KZR,GIU
BQB,BGG
YIC,DCY
GIU,CIY
GXH,OGD
CIY,PKA
NLT,OUZ
OGD,ABB
PKA,QUO
TGI,KAA
YZY,JUH
ABB,AOG
QUO,DQA
AOG,ZYI
LDS,DCN
AVA,ERL
BUW,YIE
KAZ,DOH
BNC,JIC
BNB,DWD
SXK,HYD
BUL,KSE
NGK,IST
YSG,ISB
MBI,CPO
CPO,AOQ
ACU,BCV
AOQ,BLD
AOS,BNY
BCV,BVV
BFQ,CGA
BNY,CKD
BVV,CUK
CKD,CZH
CUK,CZJ
CXF,DGA
DGA,DIW
DHB,FDE
EAR,FSZ
FVM,GSM
HKB,IGM
IGM,INB
IKE,INC
IOQ,IUI
IOT,JJA
IUI,JUU
JJA,KAE
JUK,KBC
JUU,KBU
KAE,KCC
KBC,KCG
KBU,KCL
KCC,KGQ
KCG,KGX
KGQ,KHQ
KGX,KKB
KHQ,KKI
KKB,KOZ
KLL,KTB
KTB,KUS
KUZ,LBP
KWF,LCR
LBP,LGQ
LCR,LKE
LGQ,LMC
LKE,LNV
LSA,MJU
MCM,MLH
MNT,MPP
MPP,MRA
NIQ,NIQ
NKI,NKI
NSQ,NSQ
NTG,NTG
NUP,NUP
OGM,OGM
OHH,OHH
OLH,OLH
OTD,ORI
PEC,OTD
PHO,PAF
PLJ,PHO
PND,PLJ
PPV,PND
PUM,PQS
QFN,PUM
QJH,PYC
QOQ,QFN
QUB,QFX
QUV,QJH
QUW,QOQ
RCE,QUV
RDV,QUW
RIG,RCE
RKA,RIG
RMP,RKA
SAE,RMP
SAX,SAE
SGG,SAX
SHC,SGG
SIC,SHC
SLI,SIC
SQS,SLI
SRK,SQS
SRV,SRK
SSB,SRV
SVC,SSB
SVK,SVC
SVR,SVR
SVS,SVS
SXP,SXP
SYB,SYB
SZE,SZE
SZI,SZI
TAL,TAL
TCR,TCD
TCT,TCR
TFI,TCT
TGC,TFI
TKE,TGC
TLT,THD
TNK,TLT
TNO,TNK
TQA,TNO
TVS,TQA
TZA,TVS
UGB,TZA
WBB,UPK
WNH,WNH
WSX,WSX
WTL,WTL
WWP,WWP
WWT,WWT
XEQ,XEQ
YKT,YKT
ZBL,ZBL
ZDY,ZDY
ZEL,ZEL
ORZ,ORZ
ELL,ELL
PVE,PVE
